query_id,device_classification_name,approval_number,device_name,applicant_name,applicant_contact,correspondent_name,regulation_number,classification_product_code,date_received,decision_date,decision,regulation_medical_specialty,review_panel,summary_link,type,reviewed_by_third_party,combination_product,classification_advisory,review_advisory,reclass_link
K181502,"computer, diagnostic, programmable",k181502,"zio at ecg monitoring system, zeus system",rich  laguna,rich  laguna,rich  laguna,870.1425,dqk,06/07/2018,08/29/2018,substantially equivalent     (sese),cardiovascular,cardiovascular,http://www.accessdata.fda.gov/cdrh_docs/pdf18/k181502.pdf,traditional,no,no,,,
K193087,radiological computer-assisted triage and notification software,k193087,rapid ich,james  rosa,james  rosa,james  rosa,892.2080,qas,11/06/2019,03/31/2020,substantially equivalent     (sese),radiology,radiology,http://www.accessdata.fda.gov/cdrh_docs/pdf19/k193087.pdf,traditional,no,no,,,
K192854,radiological computer assisted detection/diagnosis software for lesions suspicious for cancer,k192854,mammoscreen,quentin  de snoeck,quentin  de snoeck,cindy  domecus,892.2090,qdq,10/04/2019,03/25/2020,substantially equivalent     (sese),radiology,radiology,http://www.accessdata.fda.gov/cdrh_docs/pdf19/k192854.pdf,traditional,no,no,,,
K180647,radiological computer-assisted triage and notification software,k180647,briefcase,nimrod  epstein,nimrod  epstein,john j. smith,892.2080,qas,03/12/2018,08/01/2018,substantially equivalent     (sese),radiology,radiology,http://www.accessdata.fda.gov/cdrh_docs/pdf18/k180647.pdf,traditional,no,no,,,
K192065,"system, planning, radiation therapy treatment",k192065,syngo.via rt image suite,veronica  padharia,veronica  padharia,veronica  padharia,892.5050,muj,08/01/2019,09/18/2019,substantially equivalent     (sese),radiology,radiology,http://www.accessdata.fda.gov/cdrh_docs/pdf19/k192065.pdf,traditional,no,no,,,
DEN170022,computer-assisted diagnostic software for lesions suspicious for cancer,den170022,quantx,"quantitative insights, inc 1452 e 53rd st   chicago,   il   60615",,,892.2060,pok,04/07/2017,07/19/2017,granted     (deng),,,http://www.accessdata.fda.gov/cdrh_docs/reviews/den170022.pdf,direct,,,radiology,radiology,reclassification order
K183182,radiological computer-assisted prioritization software for lesions,k183182,critical care suite,camille  vidal,camille  vidal,camille  vidal,892.2080,qfm,11/19/2018,08/12/2019,substantially equivalent     (sese),radiology,radiology,http://www.accessdata.fda.gov/cdrh_docs/pdf18/k183182.pdf,traditional,no,no,,,
K201103,"system, image processing, radiological",k201103,xeleris v processing and review systems,alexandra  lifshits,alexandra  lifshits,alexandra  lifshits,892.2050,llz,04/24/2020,09/25/2020,substantially equivalent     (sese),radiology,radiology,http://www.accessdata.fda.gov/cdrh_docs/pdf20/k201103.pdf,traditional,no,no,,,
DEN190040,image acquisition and/or optimization guided by artificial intelligence,den190040,caption guidance,"bay labs, inc. 290 king street   san francisco,   ca   94107",,,892.2100,qju,08/27/2019,02/07/2020,granted     (deng),,,http://www.accessdata.fda.gov/cdrh_docs/reviews/den190040.pdf,direct,,,radiology,radiology,reclassification order
K200760,computer-assisted diagnostic software for lesions suspicious for cancer,k200760,rapid aspects,jim  rosa,jim  rosa,jim  rosa,892.2060,pok,03/24/2020,06/26/2020,substantially equivalent     (sese),radiology,radiology,http://www.accessdata.fda.gov/cdrh_docs/pdf20/k200760.pdf,traditional,no,no,,,
K190362,radiological computer-assisted prioritization software for lesions,k190362,healthpnx,flair  bar,flair  bar,flair  bar,892.2080,qfm,02/15/2019,05/06/2019,substantially equivalent     (sese),radiology,radiology,http://www.accessdata.fda.gov/cdrh_docs/pdf19/k190362.pdf,traditional,no,no,,,
K183268,"system, x-ray, tomography, computed",k183268,ai-rad companion (cardiovascular),kimberly  rendon,kimberly  rendon,kimberly  rendon,892.1750,jak,11/23/2018,09/10/2019,substantially equivalent     (sese),radiology,radiology,http://www.accessdata.fda.gov/cdrh_docs/pdf18/k183268.pdf,traditional,no,no,,,
K200990,"system, x-ray, tomography, computed",k200990,vidavision,sandra  stapleton,sandra  stapleton,alex  morris,892.1750,jak,04/15/2020,08/07/2020,substantially equivalent     (sese),radiology,radiology,http://www.accessdata.fda.gov/cdrh_docs/pdf20/k200990.pdf,traditional,no,no,,,
K200323,radiological image processing software for radiation therapy,k200323,autocontour,kurt  sysock,kurt  sysock,kurt  sysock,892.2050,qkb,02/10/2020,10/30/2020,substantially equivalent     (sese),radiology,radiology,http://www.accessdata.fda.gov/cdrh_docs/pdf20/k200323.pdf,traditional,no,no,,,
K183489,"system, image processing, radiological",k183489,d2p,kim  torluemke,kim  torluemke,kim  torluemke,892.2050,llz,12/17/2018,08/29/2019,substantially equivalent     (sese),radiology,radiology,http://www.accessdata.fda.gov/cdrh_docs/pdf18/k183489.pdf,traditional,no,no,,,
K190072,radiological computer-assisted triage and notification software,k190072,briefcase,nimrod  epstein,nimrod  epstein,john j. smith,892.2080,qas,01/15/2019,04/15/2019,substantially equivalent     (sese),radiology,radiology,http://www.accessdata.fda.gov/cdrh_docs/pdf19/k190072.pdf,traditional,no,no,,,
K200036,electrocardiograph,k200036,ai-ecg tracker,chang  liu,chang  liu,arthur  goddard,870.2340,dps,01/08/2020,03/20/2020,substantially equivalent     (sese),cardiovascular,cardiovascular,http://www.accessdata.fda.gov/cdrh_docs/pdf20/k200036.pdf,traditional,no,no,,,
K183272,"system, image processing, radiological",k183272,ai rad companion (engine),kimberly  mangum,kimberly  mangum,kimberly  mangum,892.2050,llz,11/23/2018,02/01/2019,substantially equivalent     (sese),radiology,radiology,http://www.accessdata.fda.gov/cdrh_docs/pdf18/k183272.pdf,traditional,no,no,,,
DEN180001,diabetic retinopathy detection device,den180001,idx-dr,"idx, llc 458 highway 1 west   iowa city,   ia   52246",,,886.1100,pib,01/12/2018,04/11/2018,granted     (deng),,,http://www.accessdata.fda.gov/cdrh_docs/reviews/den180001.pdf,direct,,,ophthalmic,ophthalmic,reclassification order
K200356,automated radiological image processing software,k200356,medo aria,dornoosh  zonoobi,dornoosh  zonoobi,dornoosh  zonoobi,892.2050,qih,02/13/2020,06/11/2020,substantially equivalent     (sese),radiology,radiology,http://www.accessdata.fda.gov/cdrh_docs/pdf20/k200356.pdf,traditional,no,no,,,
K192574,"system, nuclear magnetic resonance imaging",k192574,"vantage galan 3t, mrt-3020, v6.0 with aice reconstruction processing unit for mr",paul  biggins,paul  biggins,paul  biggins,892.1000,lnh,09/19/2019,03/09/2020,substantially equivalent     (sese),radiology,radiology,http://www.accessdata.fda.gov/cdrh_docs/pdf19/k192574.pdf,traditional,no,no,,,
K193252,radiological image processing software for radiation therapy,k193252,contour protegeai,lynn  hanigan,lynn  hanigan,lynn  hanigan,892.2050,qkb,11/25/2019,07/02/2020,substantially equivalent     (sese),radiology,radiology,http://www.accessdata.fda.gov/cdrh_docs/pdf19/k193252.pdf,traditional,no,no,,,
K181685,"system, imaging, pulsed doppler, ultrasonic",k181685,"vivid e80, vivid e90, vivid e95",tracey  ortiz,tracey  ortiz,tracey  ortiz,892.1550,iyn,06/26/2018,10/25/2018,substantially equivalent     (sese),radiology,radiology,http://www.accessdata.fda.gov/cdrh_docs/pdf18/k181685.pdf,traditional,no,no,,,
K170747,"system, image processing, radiological",k170747,syngo application software,patricia d. jones,patricia d. jones,patricia d. jones,892.2050,llz,03/10/2017,06/09/2017,substantially equivalent     (sese),radiology,radiology,http://www.accessdata.fda.gov/cdrh_docs/pdf17/k170747.pdf,traditional,no,no,,,
K193300,radiological computer-assisted prioritization software for lesions,k193300,aimi-triage cxr ptx,moshe  becker,moshe  becker,john j. smith,892.2080,qfm,11/27/2019,04/08/2020,substantially equivalent     (sese),radiology,radiology,http://www.accessdata.fda.gov/cdrh_docs/pdf19/k193300.pdf,traditional,no,no,,,
DEN180005,radiological computer assisted detection/diagnosis software for fracture,den180005,osteodetect,"imagen technologies, inc. 33 east 33rd street, suite 506   new york,   ny   10016",,,892.2090,qbs,02/05/2018,05/24/2018,granted     (deng),,,http://www.accessdata.fda.gov/cdrh_docs/reviews/den180005.pdf,direct,,,radiology,radiology,reclassification order
K162830,"system, image processing, radiological",k162830,sis software,mark  headrick,mark  headrick,janice m. hogan,892.2050,llz,10/07/2016,02/14/2017,substantially equivalent     (sese),radiology,radiology,http://www.accessdata.fda.gov/cdrh_docs/pdf16/k162830.pdf,traditional,no,no,,,
K193290,"system, image processing, radiological",k193290,ai-rad companion brain mr,lauren  bentley,lauren  bentley,lauren  bentley,892.2050,llz,11/27/2019,06/17/2020,substantially equivalent     (sese),radiology,radiology,http://www.accessdata.fda.gov/cdrh_docs/pdf19/k193290.pdf,traditional,no,no,,,
K200667,diabetic retinopathy detection device,k200667,eyeart,kaushal  solanki,kaushal  solanki,kaushal  solanki,886.1100,pib,03/13/2020,08/03/2020,substantially equivalent     (sese),ophthalmic,ophthalmic,http://www.accessdata.fda.gov/cdrh_docs/pdf20/k200667.pdf,traditional,no,no,,,
K180161,"system, image processing, radiological",k180161,viz ctp,gregory  ramina,gregory  ramina,gregory  ramina,892.2050,llz,01/19/2018,04/20/2018,substantially equivalent     (sese),radiology,radiology,http://www.accessdata.fda.gov/cdrh_docs/pdf18/k180161.pdf,traditional,no,no,,,
K200595,"device, automated cell-locating",k200595,"cellavision dc-1, cellavision dc-1 ppa",magnus  johnsson,magnus  johnsson,jinjie  hu,864.5260,joy,03/06/2020,10/16/2020,substantially equivalent     (sese),hematology,hematology,http://www.accessdata.fda.gov/cdrh_docs/reviews/k200595.pdf,traditional,no,no,,,
K201369,"system, image processing, radiological",k201369,ava (augmented vascular analysis),sadaf  monajemi,sadaf  monajemi,alan  donald,892.2050,llz,05/22/2020,09/16/2020,substantially equivalent     (sese),radiology,radiology,http://www.accessdata.fda.gov/cdrh_docs/pdf20/k201369.pdf,traditional,no,no,,,
K173542,"system, image processing, radiological",k173542,arterys oncology dl,john  axerio-cilies,john  axerio-cilies,john  axerio-cilies,892.2050,llz,11/16/2017,01/25/2018,substantially equivalent     (sese),radiology,radiology,http://www.accessdata.fda.gov/cdrh_docs/pdf17/k173542.pdf,traditional,no,no,,,
K200855,radiological computer-assisted triage and notification software,k200855,cina,cyril di grandi,cyril di grandi,john j. smith,892.2080,qas,03/31/2020,06/24/2020,substantially equivalent     (sese),radiology,radiology,http://www.accessdata.fda.gov/cdrh_docs/pdf20/k200855.pdf,traditional,no,no,,,
K202280,"system, image processing, radiological",k202280,cleerly labs v2.0,james k. min,james k. min,john  smith,892.2050,llz,08/11/2020,10/02/2020,substantially equivalent     (sese),radiology,radiology,http://www.accessdata.fda.gov/cdrh_docs/pdf20/k202280.pdf,traditional,no,no,,,
K142677,"system, mass spectrometry, maldi tof, microorganism identification, cultured isolates",k142677,maldi biotyper ca system,ken  hirakawa,ken  hirakawa,markus  kostrzewa,866.3361,pex,09/19/2014,03/27/2015,substantially equivalent     (sese),microbiology,microbiology,http://www.accessdata.fda.gov/cdrh_docs/reviews/k142677.pdf,traditional,no,no,,,
K200621,automated radiological image processing software,k200621,caption interpretation automated ejection fraction software,sam  surette,sam  surette,sam  surette,892.2050,qih,03/09/2020,07/22/2020,substantially equivalent     (sese),radiology,radiology,http://www.accessdata.fda.gov/cdrh_docs/pdf20/k200621.pdf,traditional,no,no,,,
K193283,automated radiological image processing software,k193283,ai-rad companion prostate mr,lauren  bentley,lauren  bentley,lauren  bentley,892.2050,qih,11/27/2019,07/30/2020,substantially equivalent     (sese),radiology,radiology,http://www.accessdata.fda.gov/cdrh_docs/pdf19/k193283.pdf,traditional,no,no,,,
K191556,radiological computer-assisted prioritization software for lesions,k191556,red dot,simon  rasalingham,simon  rasalingham,john j. smith,892.2080,qfm,06/12/2019,02/28/2020,substantially equivalent     (sese),radiology,radiology,http://www.accessdata.fda.gov/cdrh_docs/pdf19/k191556.pdf,traditional,no,no,,,
K192901,radiological computer-assisted prioritization software for lesions,k192901,healthvcf,flair  bar,flair  bar,flair  bar,892.2080,qfm,10/15/2019,05/12/2020,substantially equivalent     (sese),radiology,radiology,http://www.accessdata.fda.gov/cdrh_docs/pdf19/k192901.pdf,traditional,no,no,,,
K183019,"system, image processing, radiological",k183019,sis software version 3.3.0,ann  quinlan-smith,ann  quinlan-smith,janice m. hogan,892.2050,llz,10/31/2018,03/19/2019,substantially equivalent     (sese),radiology,radiology,http://www.accessdata.fda.gov/cdrh_docs/pdf18/k183019.pdf,traditional,no,no,,,
K193170,"system, x-ray, tomography, computed",k193170,deep learning image reconstruction,tomohiro  ito,tomohiro  ito,helen  peng,892.1750,jak,11/15/2019,12/13/2019,substantially equivalent     (sese),radiology,radiology,http://www.accessdata.fda.gov/cdrh_docs/pdf19/k193170.pdf,special,no,no,,,
K182336,"system, tomography, computed, emission",k182336,subtlepet,enhao  gong,enhao  gong,terese  bogucki,892.1200,kps,08/28/2018,11/30/2018,substantially equivalent     (sese),radiology,radiology,http://www.accessdata.fda.gov/cdrh_docs/pdf18/k182336.pdf,traditional,no,no,,,
K183271,"system, x-ray, tomography, computed",k183271,ai-rad companion (pulmonary),kimberly  mangum,kimberly  mangum,kimberly  rendon,892.1750,jak,11/23/2018,07/26/2019,substantially equivalent     (sese),radiology,radiology,http://www.accessdata.fda.gov/cdrh_docs/pdf18/k183271.pdf,traditional,no,no,,,
K183231,"system, nuclear magnetic resonance imaging",k183231,signa premier,brian r. zielski,brian r. zielski,brian r. zielski,892.1000,lnh,11/20/2018,01/18/2019,substantially equivalent     (sese),radiology,radiology,http://www.accessdata.fda.gov/cdrh_docs/pdf18/k183231.pdf,traditional,no,no,,,
K192880,"lung computed tomography system, computer-aided detection",k192880,inferread lung ct.ai,xiaoyan  fan,xiaoyan  fan,matt  deng,892.2050,oeb,10/09/2019,07/02/2020,substantially equivalent     (sese),radiology,radiology,http://www.accessdata.fda.gov/cdrh_docs/pdf19/k192880.pdf,traditional,no,no,,,
K193210,"system, tomography, computed, emission",k193210,hyper dlr,shumei  wang,shumei  wang,shumei  wang,892.1200,kps,11/21/2019,08/04/2020,substantially equivalent     (sese),radiology,radiology,http://www.accessdata.fda.gov/cdrh_docs/pdf19/k193210.pdf,traditional,no,no,,,
K193282,"system, nuclear magnetic resonance imaging",k193282,signa premier,glen  sabin,glen  sabin,glen  sabin,892.1000,lnh,11/27/2019,04/10/2020,substantially equivalent     (sese),radiology,radiology,http://www.accessdata.fda.gov/cdrh_docs/pdf19/k193282.pdf,traditional,no,no,,,
K181572,"system, image processing, radiological",k181572,workflow box,gwilym  owen,gwilym  owen,mark  job,892.2050,llz,06/14/2018,07/10/2018,substantially equivalent     (sese),radiology,radiology,http://www.accessdata.fda.gov/cdrh_docs/pdf18/k181572.pdf,traditional,yes,no,,,
K193267,"system, x-ray, tomography, computed",k193267,al-rad companion (musculoskeletal),alaine  medio,alaine  medio,alaine  medio,892.1750,jak,11/26/2019,03/16/2020,substantially equivalent     (sese),radiology,radiology,http://www.accessdata.fda.gov/cdrh_docs/pdf19/k193267.pdf,traditional,no,no,,,
K182564,"system, image processing, radiological",k182564,quantib nd,floor van leeuwen,floor van leeuwen,floor van leeuwen,892.2050,llz,09/18/2018,12/27/2018,substantially equivalent     (sese),radiology,radiology,http://www.accessdata.fda.gov/cdrh_docs/pdf18/k182564.pdf,traditional,no,no,,,
K201020,radiological computer-assisted triage and notification software,k201020,briefcase,nimrod  epstein,nimrod  epstein,john j. smith,892.2080,qas,04/17/2020,08/26/2020,substantially equivalent     (sese),radiology,radiology,http://www.accessdata.fda.gov/cdrh_docs/pdf20/k201020.pdf,traditional,no,no,,,
K201301,"device, automated cell-locating",k201301,x100 with full field peripheral blood smear (pbs) application,shahar  karny,shahar  karny,yarmela  pavlovic,864.5260,joy,05/15/2020,10/02/2020,substantially equivalent     (sese),hematology,hematology,http://www.accessdata.fda.gov/cdrh_docs/reviews/k201301.pdf,traditional,no,no,,,
K193658,radiological computer-assisted triage and notification software,k193658,viz ich,gregory  ramina,gregory  ramina,gregory  ramina,892.2080,qas,12/30/2019,03/18/2020,substantially equivalent     (sese),radiology,radiology,http://www.accessdata.fda.gov/cdrh_docs/pdf19/k193658.pdf,traditional,no,no,,,
K182177,radiological computer-assisted triage and notification software,k182177,accipiolx,joshua  schulman,joshua  schulman,joshua  schulman,892.2080,qas,08/10/2018,10/26/2018,substantially equivalent     (sese),radiology,radiology,http://www.accessdata.fda.gov/cdrh_docs/pdf18/k182177.pdf,traditional,no,no,,,
K191194,"camera, ophthalmic, slit-scanning",k191194,clarus,saurabh  jamkhindikar,saurabh  jamkhindikar,saurabh  jamkhindikar,886.1120,qer,05/03/2019,06/25/2019,substantially equivalent     (sese),ophthalmic,ophthalmic,http://www.accessdata.fda.gov/cdrh_docs/pdf19/k191194.pdf,traditional,no,no,,,
K200811,"counter, urine particle",k200811,cobas u 701 microscopy analyzer,teresa  carrow,teresa  carrow,teresa  carrow,864.5200,lkm,03/27/2020,11/06/2020,substantially equivalent     (sese),hematology,hematology,http://www.accessdata.fda.gov/cdrh_docs/reviews/k200811.pdf,traditional,no,no,,,
K171315,"device, automated cell-locating",k171315,advanced rbc application,cella  vision ab,cella  vision ab,constance g. bundy,864.5260,joy,05/04/2017,08/01/2017,substantially equivalent     (sese),hematology,hematology,http://www.accessdata.fda.gov/cdrh_docs/reviews/k171315.pdf,traditional,no,no,,,
K193073,"system, x-ray, tomography, computed",k193073,deep recon,shumei  wang,shumei  wang,shumei  wang,892.1750,jak,11/04/2019,07/06/2020,substantially equivalent     (sese),radiology,radiology,http://www.accessdata.fda.gov/cdrh_docs/pdf19/k193073.pdf,traditional,no,no,,,
K161201,"lung computed tomography system, computer-aided detection",k161201,clearread ct,jennifer  butsch,jennifer  butsch,jennifer  butsch,892.2050,oeb,04/28/2016,09/09/2016,substantially equivalent     (sese),radiology,radiology,http://www.accessdata.fda.gov/cdrh_docs/pdf16/k161201.pdf,traditional,no,no,,,
K193281,"system, x-ray, tomography, computed",k193281,hepatic vcar,lifeng  wang,lifeng  wang,lifeng  wang,892.1750,jak,11/27/2019,03/20/2020,substantially equivalent     (sese),radiology,radiology,http://www.accessdata.fda.gov/cdrh_docs/pdf19/k193281.pdf,traditional,no,no,,,
K182513,influenza a and influenza b multiplex nucleic acid assay,k182513,fluchip-8g influenza a+b assay,erica  dawson,erica  dawson,erica  dawson,866.3980,oze,09/12/2018,04/22/2019,substantially equivalent     (sese),microbiology,microbiology,http://www.accessdata.fda.gov/cdrh_docs/reviews/k182513.pdf,traditional,no,no,,,
K183460,"system, image processing, radiological",k183460,clarict.ai,hyun-sook  park,hyun-sook  park,carl  alletto,892.2050,llz,12/13/2018,06/13/2019,substantially equivalent     (sese),radiology,radiology,http://www.accessdata.fda.gov/cdrh_docs/pdf18/k183460.pdf,traditional,no,no,,,
K192383,radiological computer-assisted triage and notification software,k192383,briefcase,nimrod  epstein,nimrod  epstein,john j. smith,892.2080,qas,08/30/2019,12/20/2019,substantially equivalent     (sese),radiology,radiology,http://www.accessdata.fda.gov/cdrh_docs/pdf19/k192383.pdf,traditional,no,no,,,
K201632,"system, image processing, radiological",k201632,tomtec-arena,marc  bergenthal,marc  bergenthal,marc  bergenthal,892.2050,llz,06/16/2020,08/14/2020,substantially equivalent     (sese),radiology,radiology,http://www.accessdata.fda.gov/cdrh_docs/pdf20/k201632.pdf,traditional,no,no,,,
K200603,"system, image processing, radiological",k200603,aaa model,hebe  sun,hebe  sun,hebe  sun,892.2050,llz,03/09/2020,09/20/2020,substantially equivalent     (sese),radiology,radiology,http://www.accessdata.fda.gov/cdrh_docs/pdf20/k200603.pdf,traditional,no,no,,,
K200921,radiological computer-assisted triage and notification software,k200921,qer,pooja  rao,pooja  rao,pooja  rao,892.2080,qas,04/06/2020,06/17/2020,substantially equivalent     (sese),radiology,radiology,http://www.accessdata.fda.gov/cdrh_docs/pdf20/k200921.pdf,traditional,no,no,,,
K193631,"stethoscope, electronic",k193631,"stethee pro 1, stethee pro software system",nayyar  hussain,nayyar  hussain,ginger  cantor,870.1875,dqd,12/27/2019,10/09/2020,substantially equivalent     (sese),cardiovascular,cardiovascular,http://www.accessdata.fda.gov/cdrh_docs/pdf19/k193631.pdf,traditional,no,no,,,
K200232,automated radiological image processing software,k200232,lvivo software application,michal  yaacobi,michal  yaacobi,george  hattub,892.2050,qih,01/30/2020,06/23/2020,substantially equivalent     (sese),radiology,radiology,http://www.accessdata.fda.gov/cdrh_docs/pdf20/k200232.pdf,traditional,no,no,,,
K181704,radiological computer assisted detection/diagnosis software for lesions suspicious for cancer,k181704,transpara,nico  karssemeijer,nico  karssemeijer,nico  karssemeijer,892.2090,qdq,06/27/2018,11/21/2018,substantially equivalent     (sese),radiology,radiology,http://www.accessdata.fda.gov/cdrh_docs/pdf18/k181704.pdf,traditional,no,no,,,
K192828,"system, x-ray, tomography, computed",k192828,aquilion one (tsx-306a/3) v10.0 with spectral imaging system,paul  biggins,paul  biggins,orlando  tadeo,892.1750,jak,10/02/2019,02/13/2020,substantially equivalent     (sese),radiology,radiology,http://www.accessdata.fda.gov/cdrh_docs/pdf19/k192828.pdf,traditional,no,no,,,
K190442,computer-assisted diagnostic software for lesions suspicious for cancer,k190442,koios ds for breast,lev  barinov,lev  barinov,lev  barinov,892.2060,pok,02/25/2019,07/03/2019,substantially equivalent     (sese),radiology,radiology,http://www.accessdata.fda.gov/cdrh_docs/pdf19/k190442.pdf,traditional,no,no,,,
K200755,image acquisition and/or optimization guided by artificial intelligence,k200755,caption guidance,sam  surette,sam  surette,sam  surette,892.2100,qju,03/23/2020,04/16/2020,substantially equivalent     (sese),radiology,radiology,http://www.accessdata.fda.gov/cdrh_docs/pdf20/k200755.pdf,traditional,no,no,,,
K172356,"system, imaging, pulsed echo, ultrasonic",k172356,bladderscan prime plus system,swapna  chirala,swapna  chirala,mark  job,892.1560,iyo,08/03/2017,09/15/2017,substantially equivalent     (sese),radiology,radiology,http://www.accessdata.fda.gov/cdrh_docs/pdf17/k172356.pdf,traditional,yes,no,,,
K183285,radiological computer-assisted prioritization software for lesions,k183285,cmtriage,kevin  harris,kevin  harris,kevin  harris,892.2080,qfm,11/26/2018,03/08/2019,substantially equivalent     (sese),radiology,radiology,http://www.accessdata.fda.gov/cdrh_docs/pdf18/k183285.pdf,traditional,no,no,,,
K193417,radiological computer assisted detection/diagnosis software for fracture,k193417,fracturedetect (fx),robert  lindsey,robert  lindsey,donna-bea  tillman,892.2090,qbs,12/09/2019,07/30/2020,substantially equivalent     (sese),radiology,radiology,http://www.accessdata.fda.gov/cdrh_docs/pdf19/k193417.pdf,traditional,no,no,,,
K200905,radiological computer-assisted prioritization software for lesions,k200905,healthmammo,flair  bar,flair  bar,flair  bar,892.2080,qfm,04/06/2020,07/16/2020,substantially equivalent     (sese),radiology,radiology,http://www.accessdata.fda.gov/cdrh_docs/pdf20/k200905.pdf,traditional,no,no,,,
K193220,"system, image processing, radiological",k193220,aview lcs,hyeyi  park,hyeyi  park,hyeyi  park,892.2050,llz,11/21/2019,05/05/2020,substantially equivalent     (sese),radiology,radiology,http://www.accessdata.fda.gov/cdrh_docs/pdf19/k193220.pdf,traditional,no,no,,,
K193097,"system, nuclear magnetic resonance imaging",k193097,"vantage orian 1.5t, mrt-1550, v6.0 with aice reconstruction processing unit for mr",paul  biggins,paul  biggins,janine f. reyes,892.1000,lnh,11/07/2019,07/14/2020,substantially equivalent     (sese),radiology,radiology,http://www.accessdata.fda.gov/cdrh_docs/pdf19/k193097.pdf,traditional,no,no,,,
K201992,image acquisition and/or optimization guided by artificial intelligence,k201992,caption guidance,sam  surette,sam  surette,sam  surette,892.2100,qju,07/17/2020,09/18/2020,substantially equivalent     (sese),radiology,radiology,http://www.accessdata.fda.gov/cdrh_docs/pdf20/k201992.pdf,traditional,no,no,,,
K200941,radiological computer-assisted triage and notification software,k200941,rapid lvo,jim  rosa,jim  rosa,jim  rosa,892.2080,qas,04/08/2020,07/09/2020,substantially equivalent     (sese),radiology,radiology,http://www.accessdata.fda.gov/cdrh_docs/pdf20/k200941.pdf,traditional,no,no,,,
K191688,"system, image processing, radiological",k191688,subtlemr,ajit  shankaranarayanan,ajit  shankaranarayanan,jared  seehafer,892.2050,llz,06/24/2019,09/16/2019,substantially equivalent     (sese),radiology,radiology,http://www.accessdata.fda.gov/cdrh_docs/pdf19/k191688.pdf,traditional,no,no,,,
K190896,radiological computer-assisted triage and notification software,k190896,briefcase,nimrod  epstein,nimrod  epstein,john j. smith,892.2080,qas,04/05/2019,05/31/2019,substantially equivalent     (sese),radiology,radiology,http://www.accessdata.fda.gov/cdrh_docs/pdf19/k190896.pdf,traditional,no,no,,,
K192304,"system, image processing, radiological",k192304,sis software version 3.6.0,ann  quinlan-smith,ann  quinlan-smith,kelliann  payne,892.2050,llz,08/23/2019,09/13/2019,substantially equivalent     (sese),radiology,radiology,http://www.accessdata.fda.gov/cdrh_docs/pdf19/k192304.pdf,special,no,no,,,
DEN170073,radiological computer-assisted triage and notification software,den170073,contact,"viz.al, inc. 343 texas st.   san francisco,   ca   94301",,,892.2080,qas,09/29/2017,02/13/2018,granted     (deng),,,http://www.accessdata.fda.gov/cdrh_docs/reviews/den170073.pdf,direct,,,radiology,radiology,reclassification order
K192004,"monitor, physiological, patient (without arrhythmia detection or alarms)",k192004,eko analysis software,connor  landgraf,connor  landgraf,yarmela  pavlovic,870.2300,mwi,07/26/2019,01/15/2020,substantially equivalent     (sese),cardiovascular,cardiovascular,http://www.accessdata.fda.gov/cdrh_docs/pdf19/k192004.pdf,traditional,no,no,,,
K182901,"system, x-ray, tomography, computed",k182901,aquilion precision (tsx-304a/1 and /2) v8.8 with aice,paul  biggins,paul  biggins,orlando  tadeo jr.,892.1750,jak,10/16/2018,07/05/2019,substantially equivalent     (sese),radiology,radiology,http://www.accessdata.fda.gov/cdrh_docs/pdf18/k182901.pdf,traditional,no,no,,,
K181939,"system, image processing, radiological",k181939,icobrain,jan  verheyden,jan  verheyden,jan  verheyden,892.2050,llz,07/19/2018,11/06/2018,substantially equivalent     (sese),radiology,radiology,http://www.accessdata.fda.gov/cdrh_docs/pdf18/k181939.pdf,traditional,no,no,,,
K192287,radiological computer assisted detection/diagnosis software for lesions suspicious for cancer,k192287,transpara,umar  waqas,umar  waqas,umar  waqas,892.2090,qdq,08/22/2019,12/10/2019,substantially equivalent     (sese),radiology,radiology,http://www.accessdata.fda.gov/cdrh_docs/pdf19/k192287.pdf,traditional,no,no,,,
K192962,"system, image processing, radiological",k192962,icobrain-ctp,dirk  smeets,dirk  smeets,dirk  smeets,892.2050,llz,10/22/2019,02/28/2020,substantially equivalent     (sese),radiology,radiology,http://www.accessdata.fda.gov/cdrh_docs/pdf19/k192962.pdf,traditional,no,no,,,
K201710,"system, image processing, radiological",k201710,a view lcs,hye yi  park,hye yi  park,hye yi  park,892.2050,llz,06/23/2020,10/16/2020,substantially equivalent     (sese),radiology,radiology,http://www.accessdata.fda.gov/cdrh_docs/pdf20/k201710.pdf,traditional,no,no,,,
K191994,radiological computer assisted detection/diagnosis software for lesions suspicious for cancer,k191994,profound ai software v2.1,heather  reed,heather  reed,heather  reed,892.2090,qdq,07/26/2019,10/04/2019,substantially equivalent     (sese),radiology,radiology,http://www.accessdata.fda.gov/cdrh_docs/pdf19/k191994.pdf,traditional,no,no,,,
K191928,radiological image processing software for radiation therapy,k191928,accucontour,lu  xie,lu  xie,diana  hong,892.2050,qkb,07/19/2019,02/28/2020,substantially equivalent     (sese),radiology,radiology,http://www.accessdata.fda.gov/cdrh_docs/pdf19/k191928.pdf,traditional,no,no,,,
K172609,"system, tomography, computed, emission",k172609,csmc cardiac suite,geoff  pollard,geoff  pollard,geoff  pollard,892.1200,kps,08/31/2017,11/03/2017,substantially equivalent     (sese),radiology,radiology,http://www.accessdata.fda.gov/cdrh_docs/pdf17/k172609.pdf,special,no,no,,,
K200569,"system, planning, radiation therapy treatment",k200569,raystation,viktoria  hammarstedt,viktoria  hammarstedt,viktoria  hammarstedt,892.5050,muj,03/04/2020,09/24/2020,substantially equivalent     (sese),radiology,radiology,http://www.accessdata.fda.gov/cdrh_docs/pdf20/k200569.pdf,traditional,no,no,,,
K173420,"system, image processing, radiological",k173420,radiomics app v1.0,ivan  tarapov,ivan  tarapov,donna-bea  tillman,892.2050,llz,11/01/2017,12/27/2017,substantially equivalent     (sese),radiology,radiology,http://www.accessdata.fda.gov/cdrh_docs/pdf17/k173420.pdf,traditional,no,no,,,
K193351,radiological computer-assisted triage and notification software,k193351,ninesai,russell  stewart,russell  stewart,john j. smith,892.2080,qas,12/03/2019,04/21/2020,substantially equivalent     (sese),radiology,radiology,http://www.accessdata.fda.gov/cdrh_docs/pdf19/k193351.pdf,traditional,no,no,,,
K200714,"system, image processing, radiological",k200714,aview,hyeyi  park,hyeyi  park,hyeyi  park,892.2050,llz,03/18/2020,08/26/2020,substantially equivalent     (sese),radiology,radiology,http://www.accessdata.fda.gov/cdrh_docs/pdf20/k200714.pdf,traditional,no,no,,,
K182034,"system, image processing, radiological",k182034,arterys mica,sharon  cholowsky,sharon  cholowsky,sharon  cholowsky,892.2050,llz,07/30/2018,10/17/2018,substantially equivalent     (sese),radiology,radiology,http://www.accessdata.fda.gov/cdrh_docs/pdf18/k182034.pdf,traditional,no,no,,,
K200980,"system, imaging, pulsed echo, ultrasonic",k200980,auto 3d bladder volume tool,brian  sawin,brian  sawin,brian  sawin,892.1560,iyo,04/14/2020,06/11/2020,substantially equivalent     (sese),radiology,radiology,http://www.accessdata.fda.gov/cdrh_docs/pdf20/k200980.pdf,traditional,no,no,,,
K193109,"system, planning, radiation therapy treatment",k193109,mrcat brain,janne  marvola,janne  marvola,janne  marvola,892.5050,muj,11/08/2019,01/24/2020,substantially equivalent     (sese),radiology,radiology,http://www.accessdata.fda.gov/cdrh_docs/pdf19/k193109.pdf,traditional,no,no,,,
K202013,automated radiological image processing software,k202013,wrdensity by whiterabbit.ai,jason  su,jason  su,jason  su,892.2050,qih,07/21/2020,10/30/2020,substantially equivalent     (sese),radiology,radiology,http://www.accessdata.fda.gov/cdrh_docs/pdf20/k202013.pdf,traditional,no,no,,,
K182218,liver iron concentration imaging companion diagnostic for deferasirox,k182218,ferrismart analysis system,celine  royet,celine  royet,celine  royet,892.1001,pcs,08/15/2018,11/30/2018,substantially equivalent     (sese),radiology,radiology,http://www.accessdata.fda.gov/cdrh_docs/pdf18/k182218.pdf,traditional,no,no,,,
K190868,"system, image processing, radiological",k190868,cleerly labs,kimberly  elmore,kimberly  elmore,kimberly  elmore,892.2050,llz,04/03/2019,11/05/2019,substantially equivalent     (sese),radiology,radiology,http://www.accessdata.fda.gov/cdrh_docs/pdf19/k190868.pdf,traditional,no,no,,,
K193229,radiological computer assisted detection/diagnosis software for lesions suspicious for cancer,k193229,transpara,umar  waqas,umar  waqas,umar  waqas,892.2090,qdq,11/22/2019,03/05/2020,substantially equivalent     (sese),radiology,radiology,http://www.accessdata.fda.gov/cdrh_docs/pdf19/k193229.pdf,traditional,no,no,,,
K173780,"system, image processing, radiological",k173780,echomd automated ejection fraction software,charles  cadieu,charles  cadieu,yarmela  pavlovic,892.2050,llz,12/12/2017,06/14/2018,substantially equivalent     (sese),radiology,radiology,http://www.accessdata.fda.gov/cdrh_docs/pdf17/k173780.pdf,traditional,no,no,,,
K191171,automated radiological image processing software,k191171,echogo core,melissa  clark,melissa  clark,melissa  clark,892.2050,qih,05/01/2019,11/13/2019,substantially equivalent     (sese),radiology,radiology,http://www.accessdata.fda.gov/cdrh_docs/pdf19/k191171.pdf,traditional,no,no,,,
K190387,"system, planning, radiation therapy treatment",k190387,raystation,david  hedfors,david  hedfors,david  hedfors,892.5050,muj,02/19/2019,06/19/2019,substantially equivalent     (sese),radiology,radiology,http://www.accessdata.fda.gov/cdrh_docs/pdf19/k190387.pdf,traditional,no,no,,,
K170540,"system, image processing, radiological",k170540,dm-density,mo  abdolell,mo  abdolell,ken  pilgrim,892.2050,llz,02/23/2017,02/23/2018,substantially equivalent     (sese),radiology,radiology,http://www.accessdata.fda.gov/cdrh_docs/pdf17/k170540.pdf,traditional,no,no,,,
K201310,radiological computer-assisted triage and notification software,k201310,accipiolx,joshua  schulman,joshua  schulman,joshua  schulman,892.2080,qas,05/15/2020,08/07/2020,substantially equivalent     (sese),radiology,radiology,http://www.accessdata.fda.gov/cdrh_docs/pdf20/k201310.pdf,traditional,no,no,,,
K201298,"computer, diagnostic, programmable",k201298,vx1,théophile mohr durdez,théophile mohr durdez,janice  hogan,870.1425,dqk,05/15/2020,09/16/2020,substantially equivalent     (sese),cardiovascular,cardiovascular,http://www.accessdata.fda.gov/cdrh_docs/pdf20/k201298.pdf,traditional,no,no,,,
K161959,"system, image processing, radiological",k161959,clearview ccad,christine  podilchuk,christine  podilchuk,christine  podilchuk,892.2050,llz,07/18/2016,12/28/2016,substantially equivalent     (sese),radiology,radiology,http://www.accessdata.fda.gov/cdrh_docs/pdf16/k161959.pdf,traditional,no,no,,,
K192320,radiological computer-assisted prioritization software for lesions,k192320,healthcxr,flair  bar,flair  bar,flair  bar,892.2080,qfm,08/26/2019,11/26/2019,substantially equivalent     (sese),radiology,radiology,http://www.accessdata.fda.gov/cdrh_docs/pdf19/k192320.pdf,traditional,no,no,,,
K180343,semen analysis device,k180343,"lenshooke x1 pro semen quality analyzer, lenshooke x1 semen quality analyzer",clare  huang,clare  huang,feng-yu  lee,864.5220,pov,02/07/2018,11/16/2018,substantially equivalent     (sese),hematology,hematology,http://www.accessdata.fda.gov/cdrh_docs/reviews/k180343.pdf,traditional,no,no,,,
K193298,radiological computer-assisted triage and notification software,k193298,briefcase,nimrod  epstein,nimrod  epstein,john j. smith,892.2080,qas,11/27/2019,06/19/2020,substantially equivalent     (sese),radiology,radiology,http://www.accessdata.fda.gov/cdrh_docs/pdf19/k193298.pdf,traditional,no,no,,,
K180432,"computer, diagnostic, programmable",k180432,ai-ecg platform,chang  liu,chang  liu,arthur  goddard,870.1425,dqk,02/20/2018,11/19/2018,substantially equivalent     (sese),cardiovascular,cardiovascular,http://www.accessdata.fda.gov/cdrh_docs/pdf18/k180432.pdf,traditional,no,no,,,
K192832,"system, x-ray, tomography, computed",k192832,aquilion prime sp (tsx-303b8) v10.2 with aice-i,paul  biggins,paul  biggins,orlando  tadeo,892.1750,jak,10/02/2019,02/21/2020,substantially equivalent     (sese),radiology,radiology,http://www.accessdata.fda.gov/cdrh_docs/pdf19/k192832.pdf,traditional,no,no,,,
K200851,"system, imaging, pulsed doppler, ultrasonic",k200851,"vivid t8, vivid t9",tracey  ortiz,tracey  ortiz,tracey  ortiz,892.1550,iyn,03/31/2020,09/09/2020,substantially equivalent     (sese),radiology,radiology,http://www.accessdata.fda.gov/cdrh_docs/pdf20/k200851.pdf,traditional,no,no,,,
K191647,automated radiological image processing software,k191647,qlab advanced quantification software,eri  gremi,eri  gremi,eri  gremi,892.2050,qih,06/20/2019,12/20/2019,substantially equivalent     (sese),radiology,radiology,http://www.accessdata.fda.gov/cdrh_docs/pdf19/k191647.pdf,traditional,no,no,,,
K201444,"system, planning, radiation therapy treatment",k201444,syngo.via rt image suite,cynthia  busch,cynthia  busch,cynthia  busch,892.5050,muj,06/01/2020,08/13/2020,substantially equivalent     (sese),radiology,radiology,http://www.accessdata.fda.gov/cdrh_docs/pdf20/k201444.pdf,traditional,no,no,,,
K192109,"system, image processing, radiological",k192109,koala,richard  ljuhar,richard  ljuhar,john j smith,892.2050,llz,08/05/2019,11/05/2019,substantially equivalent     (sese),radiology,radiology,http://www.accessdata.fda.gov/cdrh_docs/pdf19/k192109.pdf,traditional,no,no,,,
K182616,"system, imaging, optical coherence tomography (oct)",k182616,"nvisionvle imaging system, nvisionvle optical probe, nvisionvle inflation system",eman  namati,eman  namati,eman  namati,892.1560,nqq,09/21/2018,11/02/2018,se - with limitations     (sesu),radiology,general & plastic surgery,http://www.accessdata.fda.gov/cdrh_docs/pdf18/k182616.pdf,traditional,no,no,,,
K192167,radiological computer-assisted triage and notification software,k192167,curarad-ich,xiaoxiao  liu,xiaoxiao  liu,yarmela  pavlovic,892.2080,qas,08/09/2019,04/13/2020,substantially equivalent     (sese),radiology,radiology,http://www.accessdata.fda.gov/cdrh_docs/pdf19/k192167.pdf,traditional,no,no,,,
K193216,"lung computed tomography system, computer-aided detection",k193216,syngo.ct lung cad,abhineet  johri,abhineet  johri,abhineet  johri,892.2050,oeb,11/21/2019,03/09/2020,substantially equivalent     (sese),radiology,radiology,http://www.accessdata.fda.gov/cdrh_docs/pdf19/k193216.pdf,traditional,no,no,,,
K190424,radiological computer-assisted triage and notification software,k190424,healthich,flair  bar,flair  bar,flair  bar,892.2080,qas,02/22/2019,06/13/2019,substantially equivalent     (sese),radiology,radiology,http://www.accessdata.fda.gov/cdrh_docs/pdf19/k190424.pdf,traditional,no,no,,,
DEN170043,insulin pump therapy adjustment calculator for healthcare professionals,den170043,dreamed advisor pro,"dreamed diabetes, ltd. 3 shimshon st.   petah tikva, pob 3271,          il     4952701",,,862.1358,qcc,08/17/2017,06/12/2018,granted     (deng),,,http://www.accessdata.fda.gov/cdrh_docs/reviews/den170043.pdf,direct,,,clinical chemistry,clinical chemistry,reclassification order
K182373,radiological computer assisted detection/diagnosis software for lesions suspicious for cancer,k182373,powerlook tomo detection v2 software,john  delucia,john  delucia,john  delucia,892.2090,qdq,08/31/2018,12/06/2018,substantially equivalent     (sese),radiology,radiology,http://www.accessdata.fda.gov/cdrh_docs/pdf18/k182373.pdf,traditional,no,no,,,
K183046,"system, x-ray, tomography, computed",k183046,aquilion one (tsx-305a/6) v8.9 with aice,paul  biggins,paul  biggins,"orlando  tadeo, jr.",892.1750,jak,11/02/2018,06/12/2019,substantially equivalent     (sese),radiology,radiology,http://www.accessdata.fda.gov/cdrh_docs/pdf18/k183046.pdf,traditional,no,no,,,
K200708,"system, imaging, pulsed doppler, ultrasonic",k200708,vivid iq,tracey  ortiz,tracey  ortiz,tracey  ortiz,892.1550,iyn,03/18/2020,09/09/2020,substantially equivalent     (sese),radiology,radiology,http://www.accessdata.fda.gov/cdrh_docs/pdf20/k200708.pdf,traditional,no,no,,,
K201232,"system, image processing, radiological",k201232,limbus contour,jon  giambattista,jon  giambattista,mary  vater,892.2050,llz,05/07/2020,08/13/2020,substantially equivalent     (sese),radiology,radiology,http://www.accessdata.fda.gov/cdrh_docs/pdf20/k201232.pdf,traditional,no,no,,,
K191278,"system, image processing, radiological",k191278,rsi-mri+,stephen  kosnosky,stephen  kosnosky,stephen  kosnosky,892.2050,llz,05/13/2019,11/19/2019,substantially equivalent     (sese),radiology,radiology,http://www.accessdata.fda.gov/cdrh_docs/pdf19/k191278.pdf,traditional,no,no,,,
K200743,"system, imaging, pulsed doppler, ultrasonic",k200743,vivid e80/ vivid e90/ vivid e95,tracey  ortiz,tracey  ortiz,tracey  ortiz,892.1550,iyn,03/23/2020,07/23/2020,substantially equivalent     (sese),radiology,radiology,http://www.accessdata.fda.gov/cdrh_docs/pdf20/k200743.pdf,traditional,no,no,,,
K192973,"system, image processing, radiological",k192973,densitas densityai,mo  abdolell,mo  abdolell,alex  morris,892.2050,llz,10/24/2019,02/19/2020,substantially equivalent     (sese),radiology,radiology,http://www.accessdata.fda.gov/cdrh_docs/pdf19/k192973.pdf,special,no,no,,,
K182875,radiological computer-assisted triage and notification software,k182875,deepct,william  lai,william  lai,william  lai,892.2080,qas,10/12/2018,07/10/2019,substantially equivalent     (sese),radiology,radiology,http://www.accessdata.fda.gov/cdrh_docs/pdf18/k182875.pdf,traditional,no,no,,,
K200132,"system, image processing, radiological",k200132,ashvins,martin  schinkmann,martin  schinkmann,lena  sattler,892.2050,llz,01/21/2020,02/18/2020,substantially equivalent     (sese),radiology,radiology,http://www.accessdata.fda.gov/cdrh_docs/pdf20/k200132.pdf,traditional,no,no,,,
